"","x"
"1","0001_5865_snohitatusbk.png"
"2","0002_3457_wujywbyjntbp.png"
"3","0006_7134_kksiqffpclxh.png"
"4","0007_1113_ujhxqqlcorxv.png"
"5","0009.png"
"6","0010_5252_xqnkdultpvaf.png"
"7","0011_8740_cdidanqovcfr.png"
"8","0012_5471_ljesxnctkmmf.png"
"9","0013_1382_icpexclhwthr.png"
"10","0014_4747_gcbiuhgmgjbm.png"
"11","0015_5825_fwptxiocqkyd.png"
"12","0016.png"
"13","0017_5272_nkvvrszimkre.png"
"14","0018_6130_louolngpmrwj.png"
"15","0019_9394_ihengpjwmfrt.png"
"16","0020_1459_pueufyccujsm.png"
"17","0021_2201_debsnofmttkx.png"
"18","0022_4426_tcqsalkhzurk.png"
"19","0023_2503_shjlydqjdfcl.png"
"20","0024_1786_yomyfjkhndny.png"
"21","0025_7257_oxqlrctsmegi.png"
"22","0026_2809_ubntuiyurxwk.png"
"23","0027_4136_dyurkaeenkdh.png"
"24","0028_8959_qvmfwjitflgw.png"
"25","0029_9559_pjkwpxniwgge.png"
"26","0030_7538_jatvhskutlck.png"
"27","0031_3991_isiuepygxdzq.png"
"28","0032_1663_pxogwcltgjkn.png"
"29","0033_8162_hpfcwdqxgyvl.png"
"30","0034_4059_mtvkfikepcfr.png"
"31","0035_6898_nfzmalhtwved.png"
"32","0036_2566_aejfywpsegbv.png"
"33","0037_4054_uuilouoffjoj.png"
"34","0038_6913_nlobofyxzvku.png"
"35","0039_5804_zgerairddhko.png"
"36","0040_4938_ihuijkvksqky.png"
"37","0041_2875_qngptlxhrwhj.png"
"38","0042_2335_ahztpphnuvco.png"
"39","0043_6437_kclrmkyzpnpc.png"
"40","0044.png"
"41","0045_7375_pnpixtolsebg.png"
"42","0046_7416_tyjrubumfpxy.png"
"43","0047_5743_qaryaychpubb.png"
"44","0048_7152_oiknslickotp.png"
"45","0049_3588_qukusrsftcgy.png"
"46","0050_4408_uffgxggsrtti.png"
"47","0051_6261_vswgjojfoqdc.png"
"48","0052_3394_qvqlfmytkmor.png"
"49","0053_7534_bqwjdltjktls.png"
"50","0054_3340_nehcyhpiviue.png"
"51","0055_4619_icmlpbiditqy.png"
"52","0056_2530_vopfxipptsrt.png"
"53","0057_2380_gonohkjynpmb.png"
"54","0058_3960_jdqefjcpslli.png"
"55","0059_1537_sfbwblstvfmw.png"
"56","0060_7068_vkmjguonqcsg.png"
"57","0061_2412_bhyiqjjifflp.png"
"58","0062_2017_grppcbegkphv.png"
"59","0063_6714_wnkageqzigwd.png"
"60","0064_4379_opprvckvhrkv.png"
"61","0065_6544_lvfswfzywnql.png"
"62","0066_9449_eqpvjbnbjlhy.png"
"63","0067_6548_aqpnbsizhjij.png"
"64","0068_6346_gpshoozxgutk.png"
"65","0069_5963_qmmdyeprdqsu.png"
"66","0070_8001_lcmobkdeizph.png"
"67","0071_5494_kmcllyhenjnk.png"
"68","0072_8056_gcqjowlpkbde.png"
"69","0073_7654_ethdbrvnuznc.png"
"70","0074_6931_qihrkkfwekpo.png"
"71","0075_9697_sdiauxhgyfkj.png"
"72","0076_9234_iyondwbusgym.png"
"73","0077_9760_skgpomqtcedb.png"
"74","0078_2795_oygjwmgvcdyv.png"
"75","0079.png"
"76","0080_5323_jnxoytktolbb.png"
"77","0081_4713_jkjqeleyhbus.png"
"78","0082_5974_guwzhmxxnwol.png"
"79","0083_8974_uswetrxvttms.png"
"80","0084_5282_oeimwwkynzlt.png"
"81","0085_7046_icwowutxbvgh.png"
"82","0086_7504_bxzhnjffdppv.png"
"83","0087_5598_cfqmhviykuup.png"
"84","0088_7390_jprpbvbeillv.png"
"85","0089_4660_bwgbubdrhvfg.png"
"86","0090_4555_nppdykjbwmkx.png"
"87","0091_3709_gobumojesgfi.png"
"88","0092_9928_ltdlvothcqnr.png"
"89","0093.png"
"90","0094_3250_lnarycubyzrr.png"
"91","0095_2389_eeyrwdehbixg.png"
"92","0096_5645_svcuufdqcqmy.png"
"93","0097_8552_fhpgicaysllm.png"
"94","0098_1609_vksjkggcuvik.png"
"95","0099_9463_zrmviexnupjy.png"
"96","0100_4684_jiftwdxqwtin.png"
"97","0101_8353_veulocbvzaqy.png"
"98","0102_8823_dkmxevqgbxmr.png"
"99","0103_4891_cayfwlehtvgj.png"
"100","0104_9193_wvkpfygaipjq.png"
"101","0105_4755_tsfbgfyeqxhg.png"
"102","0106_4622_ttkeodhvrmog.png"
"103","0107_3202_agybvcshxbpm.png"
"104","0108_9158_wlvvcpnulyer.png"
"105","0109_3536_rsmzverhwskc.png"
"106","0110_8623_pdricqoovxfe.png"
"107","0111_8869_suivtkpjnmpt.png"
"108","0112_8223_ihwgeegenykh.png"
"109","0113_3292_rgribyhrzjjl.png"
"110","0114_9344_sgwumdfgzais.png"
"111","0115_3285_hieimxbtcqrt.png"
"112","0116_7213_ktexichqewel.png"
"113","0117_8117_xmzltsferzto.png"
"114","0118_8704_khtgrpfyurcm.png"
"115","0119_9928_cqtlanpwihpj.png"
"116","0120.png"
"117","0121.png"
"118","0122_2935_emjpbjscgcvf.png"
"119","0123_7513_tyumrhcigliq.png"
"120","0124_7216_lvmlqrzbobpe.png"
"121","0125_3256_mlzpthwviwnf.png"
"122","0126_4756_wmzbyvhflrhy.png"
"123","0127_5970_fqbwbmmdcjby.png"
"124","0128_4780_zoaptkoerfpv.png"
"125","0129_5418_oyjqdsswurhl.png"
"126","0130_2412_pcdygwofwfib.png"
"127","0131_1000_liqjxscjkogx.png"
"128","0132_6354_khxsxmiuccsf.png"
"129","0133.png"
"130","0134_1015_piobwloefpcz.png"
"131","0135_4704_xwvykvklvvqk.png"
"132","0136_9964_drdaipjrohsm.png"
"133","0137_7732_ljzijyhhgrnx.png"
"134","0138_6095_lpiecumljbyp.png"
"135","0139_8835_hmivswfdmdem.png"
"136","0140.png"
"137","0141_7529_nnkmuxqyewyk.png"
"138","0142_4327_ykrokmtrnaqw.png"
"139","0143_8338_ilxnmfogntbo.png"
"140","0144_8568_lngqiqvigduj.png"
"141","0145_5830_ogkwigciybxf.png"
"142","0146_5131_gpfqngdreebe.png"
"143","0147_2230_gmqsmiszmftf.png"
"144","0148_7733_eqgvmdsvjerq.png"
"145","0149_3082_wugwvdccggcp.png"
"146","0150_9285_mhpalcnpxmgz.png"
"147","0151.png"
"148","0152_2737_kspwuqsyhipy.png"
"149","0153_9451_ysidnchjxvfc.png"
"150","0154_4087_jtyqmhgstese.png"
"151","0155_2062_hmiwrqvijwvv.png"
"152","0156_3107_vsnkqdgtcjbs.png"
"153","0157_2293_mslkutojcolj.png"
"154","0158_2992_qpnrcirsvqcr.png"
"155","0159_1263_xyqotgpmnjih.png"
"156","0160_1259_lvjcqqulbluo.png"
"157","0161_2905_nvnwjedsdgcl.png"
"158","0162_9733_jqvoyyolpqgv.png"
"159","0163_4622_joaeulumcgbh.png"
"160","0164_2440_jnvcrrgmtvsm.png"
"161","0165_9259_gjtvekieqatn.png"
"162","0166_6027_vxryfhvytcig.png"
"163","0167_8710_bctrxdxrugqp.png"
"164","0168_4501_cmupwurocdpn.png"
"165","0169_3048_gsrzkautnghc.png"
"166","0170_9169_rubtymuqfeuq.png"
"167","0171_6654_ntmjjittqkcj.png"
"168","0172_5743_frkfpymtydmg.png"
"169","0173_2512_etxdlqnvwqtx.png"
"170","0174_1403_pvhdtbuddjhb.png"
"171","0175_8485_rxzrrkjqvyqy.png"
"172","0176_2722_shcsmfegtxhf.png"
"173","0177_7370_cmmiahpwdamx.png"
"174","0178_1212_twvnkvqgyiru.png"
"175","0179_3937_qgkjswznylty.png"
"176","0180_3588_utmejyqmcvbk.png"
"177","0181.png"
"178","0182.png"
"179","0183_6867_uockopeurqdf.png"
"180","0184_3381_xumujwygrmby.png"
"181","0185_5425_bfsrsnqivpms.png"
"182","0186_5814_dljghewzktat.png"
"183","0187.png"
"184","0188_2782_rjggwwmmppth.png"
"185","0189_9968_ilnimhfcivpt.png"
"186","0190_9145_rwqqgmxpdwbu.png"
"187","0191.png"
"188","0192_5532_bpegnatlfibc.png"
"189","0193_7725_bxbyaifmqdxk.png"
"190","0194_3079_ecwgnneuzbcv.png"
"191","0195_6038_tiqezicxwpry.png"
"192","0196_5886_gbxvfsrqbyxg.png"
"193","0197_8221_mwlzgwdjlpxx.png"
"194","0198_8171_wewrcinqshhk.png"
"195","0199_2887_jqqkmitxodgw.png"
"196","0200_3934_qjkjyqhsvcpx.png"
"197","0201.png"
"198","0202_5216_kkpwecgmftci.png"
"199","0203_9244_sejqtlkfjwkc.png"
"200","0204_6146_zlshfpystoqp.png"
"201","0205_9710_rmcvsljwdyur.png"
"202","0206_2110_olkahitypycq.png"
"203","0207_5291_sgpilzypnejy.png"
"204","0208_4548_epjlpvhwcjvw.png"
"205","0209_1081_fxypdctjnicq.png"
"206","0210_3021_iatmdvvwlngq.png"
"207","0211.png"
"208","0212_2002_kexwyrcqjxfs.png"
"209","0213_5202_wjcrloeyiyxw.png"
"210","0214_4968_chmytqkkilrv.png"
"211","0215_9718_mbgjkzlvemui.png"
"212","0216_2124_cxhxktltjtbg.png"
"213","0217_1989_gjyqwffsmfgw.png"
"214","0218_2305_jmpkkzqwgxtc.png"
"215","0219_1489_espxbipsjiyt.png"
"216","0220.png"
"217","0221_6934_aqgjvutybsbk.png"
"218","0222_1444_zhixojcwijfj.png"
"219","0223_3550_ncijtxixkghu.png"
"220","0224_3673_vxkcklmfevkk.png"
"221","0225_8228_ffyychaekjsj.png"
"222","0226_6703_algyyokhbnwz.png"
"223","0227_7804_qsnkljxqtrgb.png"
"224","0228_9574_avfbkpphumsm.png"
"225","0229_1277_cjhtlviffiwb.png"
"226","0230.png"
"227","0231_6982_wnocckxgfmnh.png"
"228","0232_2072_xfxhmadcxfdq.png"
"229","0233.png"
"230","0234_6944_slzosqvxjxus.png"
"231","0235_2510_wpaqzeclspdr.png"
"232","0236_8389_eathbqlrqvda.png"
"233","0237_2437_bqvrrfdcuvdr.png"
"234","0238_5277_tedevipdbvdr.png"
"235","0239_2893_nkrmsykdohgo.png"
"236","0240_6995_tkcwrodgemlj.png"
"237","0241_3210_woutqrqtdzqi.png"
"238","0242.png"
"239","0243_1266_wmskekfmgdio.png"
"240","0244.png"
"241","0245_4285_wpsyznjwvlmd.png"
"242","0246_2846_ofneitwqroxe.png"
"243","0247_7690_jukighzxmudn.png"
"244","0248_8314_xbbfxeemifpv.png"
"245","0249_2576_ngcxxfxovpmn.png"
"246","0250_5189_eypcwtnjgoyb.png"
"247","0251_2434_pmjnkqodgjpo.png"
"248","0252_2080_oxttbkywusfp.png"
"249","0253_2395_ohpnwjgzfesg.png"
"250","0254_4834_pvomxydmldoi.png"
"251","0255_8478_lwlmcwxyvcyz.png"
"252","0256_3684_ttcofyyswaum.png"
"253","0257_2206_ysgtnamukxoi.png"
"254","0258_2024_wrxtfahvtyqi.png"
"255","0259_9962_zrrxemjrtmql.png"
"256","0260_4423_sxrrihbkdkjl.png"
"257","0261_3398_aufduiatycow.png"
"258","0262_8476_iolnrzaovbhn.png"
"259","0263_2530_qsmurjkprhku.png"
"260","0264_9474_udkkmzgsimgq.png"
"261","0265_3001_fcydxtnwtaon.png"
"262","0266_2605_nvftqenyroyu.png"
"263","0267_1899_bekjyovmrmfd.png"
"264","0268_2656_uilfcyypnbwm.png"
"265","0269_9106_ghgphbvmzjrx.png"
"266","0270_1364_gbkqnzirjyid.png"
"267","0271_7814_ajhdojqfykfu.png"
"268","0272_3430_nsgytjsjbfdp.png"
"269","0273_6343_fkatobgcyygb.png"
"270","0274_4848_paqnehcojygu.png"
"271","0275_7273_szgthkexanxl.png"
"272","0276_5183_hujriolkmhzy.png"
"273","0277_4980_gtmwrbaniaud.png"
"274","0278_8602_uuqdlbtrkmvk.png"
"275","0279_2718_mxohelwcpocv.png"
"276","0280_1853_kftqxfempust.png"
"277","0281_9073_wvcpwlwuxwhq.png"
"278","0282_4549_numjsnomjspr.png"
"279","0283_4760_yiwwnppitqpf.png"
"280","0284_1480_pwokyefpmqwi.png"
"281","0285_3804_xjotoxrgwfrj.png"
"282","0286_4124_mnkjkgammeds.png"
"283","0287_4117_bnbdxfioqxtt.png"
"284","0288_7147_vcftaofxkvgk.png"
"285","0289_6303_ikwmknqjpvkg.png"
"286","0290_4762_uuxoixtoemiv.png"
"287","0291.png"
"288","0292_1136_hgitzuyaysvw.png"
"289","0293_6601_hfhcjjdyqyzn.png"
"290","0294_2908_ssvrjquubpim.png"
"291","0295_9687_qgkmjgfbanxl.png"
"292","0296_6127_kavryopoywwx.png"
"293","0297_7890_jhefpwucyxiq.png"
"294","0300_3184_ukwcjqlolezy.png"
"295","0301_4356_ijhrnvnbqkmj.png"
"296","0302.png"
"297","0303_4624_gekgxdsvrliq.png"
"298","0304.png"
"299","0305_5692_cmpqwemjahur.png"
"300","0306_8571_hvnqlrdovfqe.png"
"301","0307_7380_acajrnrqxplq.png"
"302","0308.png"
"303","0309_7599_xwjlobdutrwv.png"
"304","0310_6392_vbuxfozqoemo.png"
"305","0311_9127_vksfcnchqurh.png"
"306","0312_4754_ojkgkujsenly.png"
"307","0313_7112_jdyqtxzmsyng.png"
"308","0314.png"
"309","0316.png"
"310","0317.png"
"311","0318_4879_rjtnzguullvo.png"
"312","0319_2023_kadfixosusrf.png"
"313","0320_9550_dyupugfxshtd.png"
"314","0321_4814_gixbrtnuabge.png"
"315","0322_8926_svglgiwjfyxn.png"
"316","0323_8560_cispmgxqaedk.png"
"317","0324_9103_uvfgjekdjlcw.png"
"318","0325_4227_xomrbwrvjwfv.png"
"319","0326_8650_xoiprnaxqxbj.png"
"320","0327_9638_vdieczinfgce.png"
"321","0328.png"
"322","0329_6109_qegrehgswrpg.png"
"323","0330_1133_tubwmcjwtlqx.png"
"324","0331_3991_gmlbignzjwmq.png"
"325","0332_6763_fgyvwqymkekn.png"
"326","0334_3900_dfrmfmjvschh.png"
"327","0343_3167_kexcbmpnmmwv.png"
"328","0344_4033_jozbiyweyksl.png"
"329","0345_2740_ydsbnsiogwij.png"
"330","0346_9534_urpnkwaneqfb.png"
"331","0347_4177_rgfuelwdntub.png"
"332","0348_8895_ycgllqsxwdgy.png"
"333","0349_2070_gykqxdkfpzih.png"
"334","0350.png"
"335","0351.png"
"336","0352_1423_niuenzxpukjq.png"
"337","0353_4312_uljlkucfqqcc.png"
"338","0354_5581_stvkbeqhwmmj.png"
"339","0355_5921_vbqucvbohcex.png"
"340","0356.png"
"341","0357_2119_wwuwxxrkzxex.png"
"342","0358_1056_waviopoxryme.png"
"343","0359_9688_higuuqsbfkvb.png"
"344","0360_7587_nwntjkczdexl.png"
"345","0361_3891_btfmqyxunhkj.png"
"346","0362_7219_fkrtllluordb.png"
"347","0363.png"
"348","0364_7535_bwsoozmjkbde.png"
"349","0365_5716_ywgeborrihwb.png"
"350","0366_8156_mnqveismubcz.png"
"351","0367_4061_whdxgwhsflxf.png"
"352","0368_9784_uvihthcdkhof.png"
"353","0369.png"
"354","0370_2532_sfhznwdwstgj.png"
"355","0371_8974_bzigjflbyxbe.png"
"356","0372_1117_wgyatqtsrghn.png"
"357","0373_1201_kbnitqplofhm.png"
"358","0374_8293_hmjwmfpdcuur.png"
"359","0375_6061_fhcabilueqsn.png"
"360","0376_7644_vtnbtspwclng.png"
"361","0377_2590_qvjugtvdmppy.png"
"362","0378_7019_tsxkhnklujer.png"
"363","0379_1499_yiykqidsvqxh.png"
"364","0380_9091_gjdwbkyoqrwv.png"
"365","0381_2280_ekhgotryrtbd.png"
"366","0383_2653_glvwrolqeexv.png"
"367","0384.png"
"368","0385.png"
"369","0386.png"
"370","0387_7863_ciugyosuqrdu.png"
"371","0390_9352_qdkwbvntcvpw.png"
"372","0391.png"
"373","0392.png"
"374","0393_5477_ncarbwthwrrx.png"
"375","0394_2737_ejdfsurhnkbu.png"
"376","0395_4363_jdnsunmrleho.png"
"377","0396_6368_hhffnryhkveu.png"
"378","0397_7559_oieohletkdmg.png"
"379","0398.png"
"380","0399_7681_hosmgvuzyjlw.png"
"381","0400_2434_fggcskrfkpnr.png"
"382","0401.png"
"383","0402_6975_nrdgjqcgecmg.png"
"384","0403_8977_tuvoqtqrddem.png"
"385","0404_9025_xgoisifuerjd.png"
"386","0405_1674_dbtrdgatxdpl.png"
"387","0406_6059_rqsbaiaqlunp.png"
"388","0407.png"
"389","0408_4301_yyyfqcpumpxj.png"
"390","0409_5144_kgwxvcnblfjb.png"
"391","0410_9763_gdbwncyaopob.png"
"392","0411_9256_gmnsxwkdssmj.png"
"393","0412_7506_xjsgvmgfleuu.png"
"394","0413_9022_xjtxwkwwfdze.png"
"395","0414.png"
"396","0415_4638_skmmrmdljugc.png"
"397","0416_9892_vqdgxtrgintc.png"
"398","0417_7679_riiwaegupstv.png"
"399","0418_7453_uhbkffblgplp.png"
"400","0419_2557_ufgydlyjdaxb.png"
"401","0420_3274_ugxgvgtjsxud.png"
"402","0421.png"
"403","0422_7435_fvcfdjvmxlko.png"
"404","0423_4597_uscckqoguchc.png"
"405","0424_5560_hvxoppojkyge.png"
"406","0425.png"
"407","0426.png"
"408","0427_2499_jcrdsdpsjcgj.png"
"409","0428_1216_xljtrrmemnon.png"
"410","0429_1968_zgscfjpbxnir.png"
"411","0430_4980_bohmlbbvqtfs.png"
"412","0431_1000_ksvosfducgbe.png"
"413","0432_2481_tepoqqczfonx.png"
"414","0433_7998_qtuuhjmqmvfh.png"
"415","0434_9829_idhoawqrgkqh.png"
"416","0435_7095_ygqdfllpkbee.png"
"417","0436_5239_wnibjvejengh.png"
"418","0437_9793_gzerqivthcrd.png"
"419","0438_3641_wmebertagnxm.png"
"420","0439_8955_lnltescodihe.png"
"421","0440_9052_tgknyzwyexxt.png"
"422","0441_3545_hkhkiqkleprp.png"
"423","0442_1330_gyywcqqfnjkc.png"
"424","0443_5068_nsutzbtifaji.png"
"425","0444_6252_beymvxmvhoct.png"
"426","0445_1195_oswtwcbzgbfm.png"
"427","0446_7249_feyfhhruhjse.png"
"428","0447_9637_yfpnftpuwkrx.png"
"429","0448_9476_spmuptretooz.png"
"430","0449_1564_zbwwxnwyxhps.png"
"431","0450_5970_wwqmolrsxfvz.png"
"432","0451_7580_zqwwomufsbpq.png"
"433","0452_9739_xxnlcxflgfji.png"
"434","0453_6229_xooelfidumnp.png"
"435","0454_6328_nguivbnbevwd.png"
"436","0455_3364_xxbsgzxwjqxh.png"
"437","0456_4838_dvcslbfkmdsy.png"
"438","0457.png"
"439","0458.png"
"440","0459.png"
"441","0460_1778_ajggcaaaocgh.png"
"442","0461_4384_hpxsthymxmki.png"
"443","0462_5962_giytrybpknos.png"
"444","0463_7319_grmdtyheocuc.png"
"445","0464_5596_mqlroxfnufsm.png"
"446","0465.png"
"447","0466_4734_ekuxnovhattm.png"
"448","0467_6223_qgrxbhuvtrbf.png"
"449","0468_7939_schftfqkstxa.png"
"450","0469_3276_rwrhhyeloenn.png"
"451","0470_3700_vxrvwfxhlbag.png"
"452","0471_1161_xqqqhgvzjuae.png"
"453","0472_7777_fmsaumjkejlm.png"
"454","0473_5032_gfogtnmgovlq.png"
"455","0474_2765_uesladlyqrru.png"
"456","0475_4849_sbvnvwfihmrd.png"
"457","0476_1132_osxrcrtldvru.png"
"458","0477_9173_aoprntdhsoqa.png"
"459","0478_5436_usewjvwytald.png"
"460","0479.png"
"461","0480.png"
"462","0481_4460_xzuthqfclfmp.png"
"463","0483_9519_qrubiqfijtfp.png"
"464","0484_6651_zvjbcleziwsc.png"
"465","0485_9535_hskuxickjvmq.png"
"466","0486_9717_qhphdxqmvzbq.png"
"467","0487_2636_glyidgppuqgp.png"
"468","0488_6904_rwectccrwkub.png"
"469","0489_7946_nhulrhmihxop.png"
"470","0490_4969_hrkuspdmjtmd.png"
"471","0491_7075_ighfxhygboim.png"
"472","0492.png"
"473","0493_4353_lksmyghdkbsg.png"
"474","0494_2566_sfficpxrcodd.png"
"475","0495_8012_umpejcgdjwrp.png"
"476","0496_6609_jprnkicueltw.png"
"477","0497_7228_zeebmcpibdkn.png"
"478","0498.png"
"479","0499_1105_tuzyehskgaup.png"
"480","0500_1684_mxltvkpyuklh.png"
"481","0503_4357_zkiopeqgwlog.png"
"482","0504_5978_babicartxhcm.png"
"483","0508_8664_kkloilykwado.png"
"484","0509_2689_oqjojspqklln.png"
"485","0511_9385_cqcrtbwortoi.png"
"486","0512_1285_famtkxknboyg.png"
"487","0513_1959_rnuehhgtsiay.png"
"488","0514_9786_zgnfeyueapri.png"
"489","0515_2098_ohxbfeywubre.png"
"490","0516_4803_etknsijfnuea.png"
"491","0517_1551_mztdruitgisb.png"
"492","0518_1054_duclkhpiwzon.png"
"493","0519_3091_ljtlhcbmaqcg.png"
"494","0520_5971_ewoqvtkoqtmm.png"
"495","0521_9547_ycfrigxehfwt.png"
"496","0524.png"
"497","0525_5198_hakcdulvmfsm.png"
"498","0526_3571_gvryjheydxtt.png"
"499","0527_4333_aparquhhwgtv.png"
"500","0528_6010_kflfismselum.png"
"501","0529_6800_biuzgypssrhi.png"
"502","0530_8827_eqlthgcwdqqe.png"
"503","0531.png"
"504","0532_7172_scgnesxelopp.png"
"505","0534_6785_qjwulcrymrvr.png"
"506","0535_4901_umofiwwigpjx.png"
"507","0536_3664_jqkvvuiubfys.png"
"508","0537_4498_yjgylyotzuwn.png"
"509","0539_3013_jisyljtqgqcj.png"
"510","0540.png"
"511","0541_8199_kjmmeaxfbmhx.png"
"512","0542_3322_sbxjrrwenusm.png"
"513","0543_6969_tdextuaybvpj.png"
"514","0544_8471_nrqxieqrvqsh.png"
"515","0545_8623_rhhklxaodsld.png"
"516","0546_4964_gkjmztrtsbmk.png"
"517","0547_6124_pcmipikyqfxe.png"
"518","0548_1084_ewtmrxzqvupm.png"
"519","0549_1058_pwipskreiclu.png"
"520","0550_1874_ambyahmkpxlz.png"
"521","0551_1180_vpnpmgxoibfa.png"
"522","0552_9082_jzjtuwefxhut.png"
"523","0553_8146_efpfrkdoamqz.png"
"524","0554_7075_dblgmyzyodrr.png"
"525","0555_9780_nhjogdwxmuyo.png"
"526","0556_5415_gncspjbuqlja.png"
"527","0557_1945_olingctmvbpw.png"
"528","0558_8093_xflykwfogqjb.png"
"529","0559_9140_bziextvlyhwr.png"
"530","0560_4942_heurfaqfuvok.png"
"531","0561_4877_jfyepyfarffz.png"
"532","0562_4705_xhybbhhnqpyv.png"
"533","0563_5227_axbpvhmurnxm.png"
"534","0564_3657_fvsfztikmgyk.png"
"535","0565.png"
"536","0566_1312_yvirvqslxmbd.png"
"537","0567_8385_ikijoyxyysig.png"
"538","0568_6094_wtecnrsoyugp.png"
"539","0569_9334_gjbesgkiczwy.png"
"540","0570.png"
"541","0571_2321_cdhgwlkagknq.png"
"542","0573_8863_obrycurlqqwb.png"
"543","0574.png"
"544","0575_3637_qygdvlmlhjhn.png"
"545","0576_3593_mjsgsaecwubp.png"
"546","0578_3853_zzahenrypate.png"
"547","0579.png"
"548","0580_5621_osukvwqderjb.png"
"549","0581_6640_ognfjaatvkku.png"
"550","0583.png"
"551","0584_4750_rqpotbrpzmfv.png"
"552","0585_7914_ynjpkhbvzcjf.png"
"553","0586_8027_fqajrqfnkesb.png"
"554","0587.png"
"555","0589_4281_ewjpnwmufzve.png"
"556","0590_9559_jggtbrpbucqf.png"
"557","0591_3430_hsqphprrvusm.png"
"558","0592_5894_vccipwaytjxq.png"
"559","0594_2395_fihwdgptjcrf.png"
"560","0595_2688_hdmffrgvrgmm.png"
"561","0596_6850_civubdsppvpf.png"
"562","0597_6897_jzyxyckwrlww.png"
"563","0599_3502_oepajmudatkf.png"
"564","0600_9907_nkkyfqvbrbli.png"
"565","0601_2847_cnghkhxvlmwk.png"
"566","0602_8734_kobflkooyivx.png"
"567","0603_8710_hncspqqriwwj.png"
"568","0604_2931_kskvawgvqhmy.png"
"569","0605_2611_drbcfdxjgwgx.png"
"570","0606_1035_dpcmmtepdfbn.png"
"571","0607_4674_tciiyagxjjpu.png"
"572","0609_9207_yyvbmzcmbxuw.png"
"573","0610_7532_hynqrgutrmmp.png"
"574","0611.png"
"575","0612_4037_kjofgeionllq.png"
"576","0613_3869_jcixsqhnwjqb.png"
"577","0614_5410_rfpvmivqupsf.png"
"578","0615_8531_vpnkotekxrwk.png"
"579","0616.png"
"580","0617_4396_jcmwoyrbezdk.png"
"581","0618_3628_iewosubexfsp.png"
"582","0619_3625_kombecutehdl.png"
"583","0620_8668_otpgrdspsxso.png"
"584","0621_7427_dgnhxfrunaud.png"
"585","0622_4453_pwekirjjthqi.png"
"586","0623_5644_tuzbqjvyptyt.png"
"587","0624_7447_ccjeljryazve.png"
"588","0625_1197_fbxrcuyvvtot.png"
"589","0626_5518_aslhofbqgbvf.png"
"590","0627_6167_nkrohrcrhfkk.png"
"591","0628_1831_jprihveusipc.png"
"592","0629_2659_jhjyjljmfxma.png"
"593","0630.png"
"594","0631_3991_ntjerkmvkups.png"
"595","0632_2890_iocnvrthfxrw.png"
"596","0634_3741_ugieenlacpcu.png"
"597","0636.png"
"598","0637.png"
"599","0639_6044_cokndlimiunf.png"
"600","0641_3880_gvykjlkpousn.png"
"601","0642_5314_diuonxbewmps.png"
"602","0646_2679_lhggjkjugiey.png"
"603","0648_1665_ulleoqzomsfl.png"
"604","0651_3753_odxrohdddcnx.png"
"605","0652_8425_ciqeuhusctqq.png"
"606","0653_1090_lovonbimvdow.png"
"607","0654_7822_pfduewnoehik.png"
"608","0656_5992_ybnetkofnuja.png"
"609","0657_1858_ubsyeqdkzuaw.png"
"610","0658_7125_jnkficpdhomx.png"
"611","0659_8866_stprfjyimjse.png"
"612","0662_3448_oedfppeerouz.png"
"613","0665_4888_ontbbraptnwh.png"
"614","0678_2270_mnlyjfsjqitd.png"
"615","0679_6815_syoduvrmxdbf.png"
"616","0680_3886_pqazkbtewvvy.png"
"617","0681_8820_xuwacqygfvpt.png"
"618","0684.png"
"619","0685.png"
"620","0686_6337_leeaphcpxbrj.png"
"621","0687.png"
"622","0688_6661_mcqjnasritke.png"
"623","0689_9589_mskpesmkwqym.png"
"624","0690_5176_gterlyhfmpni.png"
"625","0691_8758_xfinwrxshskt.png"
"626","0692_1498_ellemgzdcxmy.png"
"627","0693_2105_vgaiehegpply.png"
"628","0695_6337_qkkwxjiyhskr.png"
"629","0696_7091_llsrcbuznpkj.png"
"630","0697_6566_fjdsybpwtaws.png"
"631","0698_5089_rjvgdeehghjd.png"
"632","0700_9157_pmcxfubrgdei.png"
"633","0701.png"
"634","0702_5127_pguerlmspcju.png"
"635","0703_4090_lnovmzlsschi.png"
"636","0704_8857_zilhzetzybay.png"
"637","0705_7566_dsufwdpbvbdg.png"
"638","0706_7496_kgvbhdxvtbfa.png"
"639","0893_8830_eqyyuwawergl.png"
"640","1496_9019_eibwwapltgov.png"
